<?xml version="1.0" encoding="UTF-8"?>
<configurationDescriptor version="62">
  <logicalFolder name="root" displayName="root" projectFiles="true">
    <logicalFolder name="f7" displayName="doc" projectFiles="true">
      <itemPath>changes.txt</itemPath>
      <itemPath>readme.txt</itemPath>
    </logicalFolder>
    <logicalFolder name="f1" displayName="include" projectFiles="true">
      <logicalFolder name="f2" displayName="core" projectFiles="true">
        <itemPath>include/aabbox3d.h</itemPath>
        <itemPath>include/dimension2d.h</itemPath>
        <itemPath>include/heapsort.h</itemPath>
        <itemPath>include/irrAllocator.h</itemPath>
        <itemPath>include/irrArray.h</itemPath>
        <itemPath>include/irrList.h</itemPath>
        <itemPath>include/irrMap.h</itemPath>
        <itemPath>include/irrMath.h</itemPath>
        <itemPath>include/irrString.h</itemPath>
        <itemPath>include/line2d.h</itemPath>
        <itemPath>include/line3d.h</itemPath>
        <itemPath>include/matrix4.h</itemPath>
        <itemPath>include/plane3d.h</itemPath>
        <itemPath>include/position2d.h</itemPath>
        <itemPath>include/quaternion.h</itemPath>
        <itemPath>include/rect.h</itemPath>
        <itemPath>include/triangle3d.h</itemPath>
        <itemPath>include/vector2d.h</itemPath>
        <itemPath>include/vector3d.h</itemPath>
      </logicalFolder>
      <logicalFolder name="f3" displayName="gui" projectFiles="true">
        <itemPath>include/EGUIAlignment.h</itemPath>
        <itemPath>include/EGUIElementTypes.h</itemPath>
        <itemPath>include/EMessageBoxFlags.h</itemPath>
        <itemPath>include/ICursorControl.h</itemPath>
        <itemPath>include/IGUIButton.h</itemPath>
        <itemPath>include/IGUICheckBox.h</itemPath>
        <itemPath>include/IGUIColorSelectDialog.h</itemPath>
        <itemPath>include/IGUIComboBox.h</itemPath>
        <itemPath>include/IGUIContextMenu.h</itemPath>
        <itemPath>include/IGUIEditBox.h</itemPath>
        <itemPath>include/IGUIElement.h</itemPath>
        <itemPath>include/IGUIElementFactory.h</itemPath>
        <itemPath>include/IGUIEnvironment.h</itemPath>
        <itemPath>include/IGUIFileOpenDialog.h</itemPath>
        <itemPath>include/IGUIFont.h</itemPath>
        <itemPath>include/IGUIFontBitmap.h</itemPath>
        <itemPath>include/IGUIImage.h</itemPath>
        <itemPath>include/IGUIInOutFader.h</itemPath>
        <itemPath>include/IGUIListBox.h</itemPath>
        <itemPath>include/IGUIMeshViewer.h</itemPath>
        <itemPath>include/IGUIScrollBar.h</itemPath>
        <itemPath>include/IGUISkin.h</itemPath>
        <itemPath>include/IGUISpinBox.h</itemPath>
        <itemPath>include/IGUISpriteBank.h</itemPath>
        <itemPath>include/IGUIStaticText.h</itemPath>
        <itemPath>include/IGUITabControl.h</itemPath>
        <itemPath>include/IGUITable.h</itemPath>
        <itemPath>include/IGUIToolbar.h</itemPath>
        <itemPath>include/IGUIWindow.h</itemPath>
      </logicalFolder>
      <logicalFolder name="f4" displayName="io" projectFiles="true">
        <itemPath>include/IAttributeExchangingObject.h</itemPath>
        <itemPath>include/IAttributes.h</itemPath>
        <itemPath>include/IFileList.h</itemPath>
        <itemPath>include/IFileSystem.h</itemPath>
        <itemPath>include/IReadFile.h</itemPath>
        <itemPath>include/IWriteFile.h</itemPath>
        <itemPath>include/IXMLReader.h</itemPath>
        <itemPath>include/IXMLWriter.h</itemPath>
        <itemPath>include/irrXML.h</itemPath>
      </logicalFolder>
      <logicalFolder name="f5" displayName="scene" projectFiles="true">
        <itemPath>include/ECullingTypes.h</itemPath>
        <itemPath>include/EDebugSceneTypes.h</itemPath>
        <itemPath>include/EMeshWriterEnums.h</itemPath>
        <itemPath>include/ESceneNodeAnimatorTypes.h</itemPath>
        <itemPath>include/ESceneNodeTypes.h</itemPath>
        <itemPath>include/IAnimatedMesh.h</itemPath>
        <itemPath>include/IAnimatedMeshMD2.h</itemPath>
        <itemPath>include/IAnimatedMeshMD3.h</itemPath>
        <itemPath>include/IAnimatedMeshSceneNode.h</itemPath>
        <itemPath>include/IBillboardSceneNode.h</itemPath>
        <itemPath>include/ICameraSceneNode.h</itemPath>
        <itemPath>include/IDummyTransformationSceneNode.h</itemPath>
        <itemPath>include/ILightSceneNode.h</itemPath>
        <itemPath>include/IMesh.h</itemPath>
        <itemPath>include/IMeshBuffer.h</itemPath>
        <itemPath>include/IMeshCache.h</itemPath>
        <itemPath>include/IMeshLoader.h</itemPath>
        <itemPath>include/IMeshManipulator.h</itemPath>
        <itemPath>include/IMeshSceneNode.h</itemPath>
        <itemPath>include/IMeshWriter.h</itemPath>
        <itemPath>include/IMetaTriangleSelector.h</itemPath>
        <itemPath>include/IParticleAffector.h</itemPath>
        <itemPath>include/IParticleEmitter.h</itemPath>
        <itemPath>include/IParticleSystemSceneNode.h</itemPath>
        <itemPath>include/IQ3LevelMesh.h</itemPath>
        <itemPath>include/ISceneCollisionManager.h</itemPath>
        <itemPath>include/ISceneManager.h</itemPath>
        <itemPath>include/ISceneNode.h</itemPath>
        <itemPath>include/ISceneNodeAnimator.h</itemPath>
        <itemPath>include/ISceneNodeAnimatorCameraFPS.h</itemPath>
        <itemPath>include/ISceneNodeAnimatorCameraMaya.h</itemPath>
        <itemPath>include/ISceneNodeAnimatorCollisionResponse.h</itemPath>
        <itemPath>include/ISceneNodeAnimatorFactory.h</itemPath>
        <itemPath>include/ISceneNodeFactory.h</itemPath>
        <itemPath>include/IShadowVolumeSceneNode.h</itemPath>
        <itemPath>include/ISkinnedMesh.h</itemPath>
        <itemPath>include/ITerrainSceneNode.h</itemPath>
        <itemPath>include/ITextSceneNode.h</itemPath>
        <itemPath>include/ITriangleSelector.h</itemPath>
        <itemPath>include/IVolumeLightSceneNode.h</itemPath>
        <itemPath>include/SAnimatedMesh.h</itemPath>
        <itemPath>include/SMesh.h</itemPath>
        <itemPath>include/SMeshBuffer.h</itemPath>
        <itemPath>include/SMeshBufferLightMap.h</itemPath>
        <itemPath>include/SMeshBufferTangents.h</itemPath>
        <itemPath>include/SParticle.h</itemPath>
        <itemPath>include/SViewFrustum.h</itemPath>
        <itemPath>include/SceneParameters.h</itemPath>
      </logicalFolder>
      <logicalFolder name="f1" displayName="video" projectFiles="true">
        <itemPath>include/EDriverTypes.h</itemPath>
        <itemPath>include/IGPUProgrammingServices.h</itemPath>
        <itemPath>include/IImage.h</itemPath>
        <itemPath>include/IImageLoader.h</itemPath>
        <itemPath>include/IMaterialRenderer.h</itemPath>
        <itemPath>include/IMaterialRendererServices.h</itemPath>
        <itemPath>include/IShaderConstantSetCallBack.h</itemPath>
        <itemPath>include/ITexture.h</itemPath>
        <itemPath>include/IVideoDriver.h</itemPath>
        <itemPath>include/IVideoModeList.h</itemPath>
        <itemPath>include/S3DVertex.h</itemPath>
        <itemPath>include/SColor.h</itemPath>
        <itemPath>include/SExposedVideoData.h</itemPath>
        <itemPath>include/SLight.h</itemPath>
        <itemPath>include/SMaterial.h</itemPath>
      </logicalFolder>
      <itemPath>include/IEventReceiver.h</itemPath>
      <itemPath>include/ILogger.h</itemPath>
      <itemPath>include/IOSOperator.h</itemPath>
      <itemPath>include/IReferenceCounted.h</itemPath>
      <itemPath>include/ITimer.h</itemPath>
      <itemPath>include/IrrCompileConfig.h</itemPath>
      <itemPath>include/IrrlichtDevice.h</itemPath>
      <itemPath>include/Keycodes.h</itemPath>
      <itemPath>include/SIrrCreationParameters.h</itemPath>
      <itemPath>include/SKeyMap.h</itemPath>
      <itemPath>include/irrTypes.h</itemPath>
      <itemPath>include/irrlicht.h</itemPath>
    </logicalFolder>
    <logicalFolder name="f8" displayName="Irrlicht" projectFiles="true">
      <logicalFolder name="f1" displayName="gui" projectFiles="true">
        <itemPath>source/Irrlicht/BuiltInFont.h</itemPath>
        <itemPath>source/Irrlicht/CDefaultGUIElementFactory.cpp</itemPath>
        <itemPath>source/Irrlicht/CDefaultGUIElementFactory.h</itemPath>
        <itemPath>source/Irrlicht/CGUIButton.cpp</itemPath>
        <itemPath>source/Irrlicht/CGUIButton.h</itemPath>
        <itemPath>source/Irrlicht/CGUICheckBox.cpp</itemPath>
        <itemPath>source/Irrlicht/CGUICheckBox.h</itemPath>
        <itemPath>source/Irrlicht/CGUIColorSelectDialog.cpp</itemPath>
        <itemPath>source/Irrlicht/CGUIColorSelectDialog.h</itemPath>
        <itemPath>source/Irrlicht/CGUIComboBox.cpp</itemPath>
        <itemPath>source/Irrlicht/CGUIComboBox.h</itemPath>
        <itemPath>source/Irrlicht/CGUIContextMenu.cpp</itemPath>
        <itemPath>source/Irrlicht/CGUIContextMenu.h</itemPath>
        <itemPath>source/Irrlicht/CGUIEditBox.cpp</itemPath>
        <itemPath>source/Irrlicht/CGUIEditBox.h</itemPath>
        <itemPath>source/Irrlicht/CGUIEnvironment.cpp</itemPath>
        <itemPath>source/Irrlicht/CGUIEnvironment.h</itemPath>
        <itemPath>source/Irrlicht/CGUIFileOpenDialog.cpp</itemPath>
        <itemPath>source/Irrlicht/CGUIFileOpenDialog.h</itemPath>
        <itemPath>source/Irrlicht/CGUIFont.cpp</itemPath>
        <itemPath>source/Irrlicht/CGUIFont.h</itemPath>
        <itemPath>source/Irrlicht/CGUIImage.cpp</itemPath>
        <itemPath>source/Irrlicht/CGUIImage.h</itemPath>
        <itemPath>source/Irrlicht/CGUIImageList.cpp</itemPath>
        <itemPath>source/Irrlicht/CGUIImageList.h</itemPath>
        <itemPath>source/Irrlicht/CGUIInOutFader.cpp</itemPath>
        <itemPath>source/Irrlicht/CGUIInOutFader.h</itemPath>
        <itemPath>source/Irrlicht/CGUIListBox.cpp</itemPath>
        <itemPath>source/Irrlicht/CGUIListBox.h</itemPath>
        <itemPath>source/Irrlicht/CGUIMenu.cpp</itemPath>
        <itemPath>source/Irrlicht/CGUIMenu.h</itemPath>
        <itemPath>source/Irrlicht/CGUIMeshViewer.cpp</itemPath>
        <itemPath>source/Irrlicht/CGUIMeshViewer.h</itemPath>
        <itemPath>source/Irrlicht/CGUIMessageBox.cpp</itemPath>
        <itemPath>source/Irrlicht/CGUIMessageBox.h</itemPath>
        <itemPath>source/Irrlicht/CGUIModalScreen.cpp</itemPath>
        <itemPath>source/Irrlicht/CGUIModalScreen.h</itemPath>
        <itemPath>source/Irrlicht/CGUIScrollBar.cpp</itemPath>
        <itemPath>source/Irrlicht/CGUIScrollBar.h</itemPath>
        <itemPath>source/Irrlicht/CGUISkin.cpp</itemPath>
        <itemPath>source/Irrlicht/CGUISkin.h</itemPath>
        <itemPath>source/Irrlicht/CGUISpinBox.cpp</itemPath>
        <itemPath>source/Irrlicht/CGUISpinBox.h</itemPath>
        <itemPath>source/Irrlicht/CGUISpriteBank.cpp</itemPath>
        <itemPath>source/Irrlicht/CGUISpriteBank.h</itemPath>
        <itemPath>source/Irrlicht/CGUIStaticText.cpp</itemPath>
        <itemPath>source/Irrlicht/CGUIStaticText.h</itemPath>
        <itemPath>source/Irrlicht/CGUITabControl.cpp</itemPath>
        <itemPath>source/Irrlicht/CGUITabControl.h</itemPath>
        <itemPath>source/Irrlicht/CGUITable.cpp</itemPath>
        <itemPath>source/Irrlicht/CGUITable.h</itemPath>
        <itemPath>source/Irrlicht/CGUIToolBar.cpp</itemPath>
        <itemPath>source/Irrlicht/CGUIToolBar.h</itemPath>
        <itemPath>source/Irrlicht/CGUITreeView.cpp</itemPath>
        <itemPath>source/Irrlicht/CGUITreeView.h</itemPath>
        <itemPath>source/Irrlicht/CGUIWindow.cpp</itemPath>
        <itemPath>source/Irrlicht/CGUIWindow.h</itemPath>
      </logicalFolder>
      <logicalFolder name="f2" displayName="io" projectFiles="true">
        <itemPath>source/Irrlicht/CAttributeImpl.h</itemPath>
        <itemPath>source/Irrlicht/CAttributes.cpp</itemPath>
        <itemPath>source/Irrlicht/CAttributes.h</itemPath>
        <itemPath>source/Irrlicht/CFileList.cpp</itemPath>
        <itemPath>source/Irrlicht/CFileList.h</itemPath>
        <itemPath>source/Irrlicht/CFileSystem.cpp</itemPath>
        <itemPath>source/Irrlicht/CFileSystem.h</itemPath>
        <itemPath>source/Irrlicht/CLimitReadFile.cpp</itemPath>
        <itemPath>source/Irrlicht/CLimitReadFile.h</itemPath>
        <itemPath>source/Irrlicht/CMemoryFile.cpp</itemPath>
        <itemPath>source/Irrlicht/CMemoryFile.h</itemPath>
        <itemPath>source/Irrlicht/CPakReader.cpp</itemPath>
        <itemPath>source/Irrlicht/CPakReader.h</itemPath>
        <itemPath>source/Irrlicht/CReadFile.cpp</itemPath>
        <itemPath>source/Irrlicht/CReadFile.h</itemPath>
        <itemPath>source/Irrlicht/CWriteFile.cpp</itemPath>
        <itemPath>source/Irrlicht/CWriteFile.h</itemPath>
        <itemPath>source/Irrlicht/CXMLReader.cpp</itemPath>
        <itemPath>source/Irrlicht/CXMLReader.h</itemPath>
        <itemPath>source/Irrlicht/CXMLReaderImpl.h</itemPath>
        <itemPath>source/Irrlicht/CXMLWriter.cpp</itemPath>
        <itemPath>source/Irrlicht/CXMLWriter.h</itemPath>
        <itemPath>source/Irrlicht/CZipReader.cpp</itemPath>
        <itemPath>source/Irrlicht/CZipReader.h</itemPath>
        <itemPath>source/Irrlicht/irrXML.cpp</itemPath>
      </logicalFolder>
      <logicalFolder name="f3" displayName="irr" projectFiles="true">
        <logicalFolder name="f2" displayName="device" projectFiles="true">
          <itemPath>source/Irrlicht/CIrrDeviceConsole.cpp</itemPath>
          <itemPath>source/Irrlicht/CIrrDeviceConsole.h</itemPath>
          <itemPath>source/Irrlicht/CIrrDeviceLinux.cpp</itemPath>
          <itemPath>source/Irrlicht/CIrrDeviceLinux.h</itemPath>
          <itemPath>source/Irrlicht/CIrrDeviceSDL.cpp</itemPath>
          <itemPath>source/Irrlicht/CIrrDeviceSDL.h</itemPath>
          <itemPath>source/Irrlicht/CIrrDeviceStub.cpp</itemPath>
          <itemPath>source/Irrlicht/CIrrDeviceStub.h</itemPath>
          <itemPath>source/Irrlicht/CIrrDeviceWin32.cpp</itemPath>
          <itemPath>source/Irrlicht/CIrrDeviceWin32.h</itemPath>
        </logicalFolder>
        <logicalFolder name="f1" displayName="extern" projectFiles="true">
          <logicalFolder name="f1" displayName="jpeglib" projectFiles="true">
            <itemPath>source/Irrlicht/jpeglib/cderror.h</itemPath>
            <itemPath>source/Irrlicht/jpeglib/jcapimin.c</itemPath>
            <itemPath>source/Irrlicht/jpeglib/jcapistd.c</itemPath>
            <itemPath>source/Irrlicht/jpeglib/jccoefct.c</itemPath>
            <itemPath>source/Irrlicht/jpeglib/jccolor.c</itemPath>
            <itemPath>source/Irrlicht/jpeglib/jcdctmgr.c</itemPath>
            <itemPath>source/Irrlicht/jpeglib/jchuff.c</itemPath>
            <itemPath>source/Irrlicht/jpeglib/jchuff.h</itemPath>
            <itemPath>source/Irrlicht/jpeglib/jcinit.c</itemPath>
            <itemPath>source/Irrlicht/jpeglib/jcmainct.c</itemPath>
            <itemPath>source/Irrlicht/jpeglib/jcmarker.c</itemPath>
            <itemPath>source/Irrlicht/jpeglib/jcmaster.c</itemPath>
            <itemPath>source/Irrlicht/jpeglib/jcomapi.c</itemPath>
            <itemPath>source/Irrlicht/jpeglib/jconfig.h</itemPath>
            <itemPath>source/Irrlicht/jpeglib/jcparam.c</itemPath>
            <itemPath>source/Irrlicht/jpeglib/jcphuff.c</itemPath>
            <itemPath>source/Irrlicht/jpeglib/jcprepct.c</itemPath>
            <itemPath>source/Irrlicht/jpeglib/jcsample.c</itemPath>
            <itemPath>source/Irrlicht/jpeglib/jctrans.c</itemPath>
            <itemPath>source/Irrlicht/jpeglib/jdapimin.c</itemPath>
            <itemPath>source/Irrlicht/jpeglib/jdapistd.c</itemPath>
            <itemPath>source/Irrlicht/jpeglib/jdatadst.c</itemPath>
            <itemPath>source/Irrlicht/jpeglib/jdatasrc.c</itemPath>
            <itemPath>source/Irrlicht/jpeglib/jdcoefct.c</itemPath>
            <itemPath>source/Irrlicht/jpeglib/jdcolor.c</itemPath>
            <itemPath>source/Irrlicht/jpeglib/jdct.h</itemPath>
            <itemPath>source/Irrlicht/jpeglib/jddctmgr.c</itemPath>
            <itemPath>source/Irrlicht/jpeglib/jdhuff.c</itemPath>
            <itemPath>source/Irrlicht/jpeglib/jdhuff.h</itemPath>
            <itemPath>source/Irrlicht/jpeglib/jdinput.c</itemPath>
            <itemPath>source/Irrlicht/jpeglib/jdmainct.c</itemPath>
            <itemPath>source/Irrlicht/jpeglib/jdmarker.c</itemPath>
            <itemPath>source/Irrlicht/jpeglib/jdmaster.c</itemPath>
            <itemPath>source/Irrlicht/jpeglib/jdmerge.c</itemPath>
            <itemPath>source/Irrlicht/jpeglib/jdphuff.c</itemPath>
            <itemPath>source/Irrlicht/jpeglib/jdpostct.c</itemPath>
            <itemPath>source/Irrlicht/jpeglib/jdsample.c</itemPath>
            <itemPath>source/Irrlicht/jpeglib/jdtrans.c</itemPath>
            <itemPath>source/Irrlicht/jpeglib/jerror.c</itemPath>
            <itemPath>source/Irrlicht/jpeglib/jerror.h</itemPath>
            <itemPath>source/Irrlicht/jpeglib/jfdctflt.c</itemPath>
            <itemPath>source/Irrlicht/jpeglib/jfdctfst.c</itemPath>
            <itemPath>source/Irrlicht/jpeglib/jfdctint.c</itemPath>
            <itemPath>source/Irrlicht/jpeglib/jidctflt.c</itemPath>
            <itemPath>source/Irrlicht/jpeglib/jidctfst.c</itemPath>
            <itemPath>source/Irrlicht/jpeglib/jidctint.c</itemPath>
            <itemPath>source/Irrlicht/jpeglib/jidctred.c</itemPath>
            <itemPath>source/Irrlicht/jpeglib/jinclude.h</itemPath>
            <itemPath>source/Irrlicht/jpeglib/jmemmgr.c</itemPath>
            <itemPath>source/Irrlicht/jpeglib/jmemnobs.c</itemPath>
            <itemPath>source/Irrlicht/jpeglib/jmemsys.h</itemPath>
            <itemPath>source/Irrlicht/jpeglib/jmorecfg.h</itemPath>
            <itemPath>source/Irrlicht/jpeglib/jpegint.h</itemPath>
            <itemPath>source/Irrlicht/jpeglib/jpeglib.h</itemPath>
            <itemPath>source/Irrlicht/jpeglib/jquant1.c</itemPath>
            <itemPath>source/Irrlicht/jpeglib/jquant2.c</itemPath>
            <itemPath>source/Irrlicht/jpeglib/jutils.c</itemPath>
            <itemPath>source/Irrlicht/jpeglib/jversion.h</itemPath>
          </logicalFolder>
          <logicalFolder name="f2" displayName="libpng" projectFiles="true">
            <itemPath>source/Irrlicht/libpng/png.c</itemPath>
            <itemPath>source/Irrlicht/libpng/png.h</itemPath>
            <itemPath>source/Irrlicht/libpng/pngconf.h</itemPath>
            <itemPath>source/Irrlicht/libpng/pngerror.c</itemPath>
            <itemPath>source/Irrlicht/libpng/pngget.c</itemPath>
            <itemPath>source/Irrlicht/libpng/pngmem.c</itemPath>
            <itemPath>source/Irrlicht/libpng/pngpread.c</itemPath>
            <itemPath>source/Irrlicht/libpng/pngread.c</itemPath>
            <itemPath>source/Irrlicht/libpng/pngrio.c</itemPath>
            <itemPath>source/Irrlicht/libpng/pngrtran.c</itemPath>
            <itemPath>source/Irrlicht/libpng/pngrutil.c</itemPath>
            <itemPath>source/Irrlicht/libpng/pngset.c</itemPath>
            <itemPath>source/Irrlicht/libpng/pngtrans.c</itemPath>
            <itemPath>source/Irrlicht/libpng/pngwio.c</itemPath>
            <itemPath>source/Irrlicht/libpng/pngwrite.c</itemPath>
            <itemPath>source/Irrlicht/libpng/pngwtran.c</itemPath>
            <itemPath>source/Irrlicht/libpng/pngwutil.c</itemPath>
          </logicalFolder>
          <logicalFolder name="f3" displayName="zlib" projectFiles="true">
            <itemPath>source/Irrlicht/zlib/adler32.c</itemPath>
            <itemPath>source/Irrlicht/zlib/compress.c</itemPath>
            <itemPath>source/Irrlicht/zlib/crc32.c</itemPath>
            <itemPath>source/Irrlicht/zlib/crc32.h</itemPath>
            <itemPath>source/Irrlicht/zlib/deflate.c</itemPath>
            <itemPath>source/Irrlicht/zlib/deflate.h</itemPath>
            <itemPath>source/Irrlicht/zlib/inffast.c</itemPath>
            <itemPath>source/Irrlicht/zlib/inffast.h</itemPath>
            <itemPath>source/Irrlicht/zlib/inffixed.h</itemPath>
            <itemPath>source/Irrlicht/zlib/inflate.c</itemPath>
            <itemPath>source/Irrlicht/zlib/inflate.h</itemPath>
            <itemPath>source/Irrlicht/zlib/inftrees.c</itemPath>
            <itemPath>source/Irrlicht/zlib/inftrees.h</itemPath>
            <itemPath>source/Irrlicht/zlib/trees.c</itemPath>
            <itemPath>source/Irrlicht/zlib/trees.h</itemPath>
            <itemPath>source/Irrlicht/zlib/uncompr.c</itemPath>
            <itemPath>source/Irrlicht/zlib/zconf.h</itemPath>
            <itemPath>source/Irrlicht/zlib/zlib.h</itemPath>
            <itemPath>source/Irrlicht/zlib/zutil.c</itemPath>
            <itemPath>source/Irrlicht/zlib/zutil.h</itemPath>
          </logicalFolder>
        </logicalFolder>
        <itemPath>source/Irrlicht/CLogger.cpp</itemPath>
        <itemPath>source/Irrlicht/CLogger.h</itemPath>
        <itemPath>source/Irrlicht/COSOperator.cpp</itemPath>
        <itemPath>source/Irrlicht/COSOperator.h</itemPath>
        <itemPath>source/Irrlicht/CTimer.h</itemPath>
        <itemPath>source/Irrlicht/Irrlicht.cpp</itemPath>
        <itemPath>source/Irrlicht/os.cpp</itemPath>
        <itemPath>source/Irrlicht/os.h</itemPath>
      </logicalFolder>
      <logicalFolder name="f4" displayName="scene" projectFiles="true">
        <logicalFolder name="f1" displayName="animators" projectFiles="true">
          <itemPath>source/Irrlicht/CSceneNodeAnimatorCameraFPS.cpp</itemPath>
          <itemPath>source/Irrlicht/CSceneNodeAnimatorCameraFPS.h</itemPath>
          <itemPath>source/Irrlicht/CSceneNodeAnimatorCameraMaya.cpp</itemPath>
          <itemPath>source/Irrlicht/CSceneNodeAnimatorCameraMaya.h</itemPath>
          <itemPath>source/Irrlicht/CSceneNodeAnimatorCollisionResponse.cpp</itemPath>
          <itemPath>source/Irrlicht/CSceneNodeAnimatorCollisionResponse.h</itemPath>
          <itemPath>source/Irrlicht/CSceneNodeAnimatorDelete.cpp</itemPath>
          <itemPath>source/Irrlicht/CSceneNodeAnimatorDelete.h</itemPath>
          <itemPath>source/Irrlicht/CSceneNodeAnimatorFlyCircle.cpp</itemPath>
          <itemPath>source/Irrlicht/CSceneNodeAnimatorFlyCircle.h</itemPath>
          <itemPath>source/Irrlicht/CSceneNodeAnimatorFlyStraight.cpp</itemPath>
          <itemPath>source/Irrlicht/CSceneNodeAnimatorFlyStraight.h</itemPath>
          <itemPath>source/Irrlicht/CSceneNodeAnimatorFollowSpline.cpp</itemPath>
          <itemPath>source/Irrlicht/CSceneNodeAnimatorFollowSpline.h</itemPath>
          <itemPath>source/Irrlicht/CSceneNodeAnimatorRotation.cpp</itemPath>
          <itemPath>source/Irrlicht/CSceneNodeAnimatorRotation.h</itemPath>
          <itemPath>source/Irrlicht/CSceneNodeAnimatorTexture.cpp</itemPath>
          <itemPath>source/Irrlicht/CSceneNodeAnimatorTexture.h</itemPath>
        </logicalFolder>
        <logicalFolder name="f2" displayName="collision" projectFiles="true">
          <itemPath>source/Irrlicht/CMetaTriangleSelector.cpp</itemPath>
          <itemPath>source/Irrlicht/CMetaTriangleSelector.h</itemPath>
          <itemPath>source/Irrlicht/COctTreeTriangleSelector.cpp</itemPath>
          <itemPath>source/Irrlicht/COctTreeTriangleSelector.h</itemPath>
          <itemPath>source/Irrlicht/CSceneCollisionManager.cpp</itemPath>
          <itemPath>source/Irrlicht/CSceneCollisionManager.h</itemPath>
          <itemPath>source/Irrlicht/CTerrainTriangleSelector.cpp</itemPath>
          <itemPath>source/Irrlicht/CTerrainTriangleSelector.h</itemPath>
          <itemPath>source/Irrlicht/CTriangleBBSelector.cpp</itemPath>
          <itemPath>source/Irrlicht/CTriangleBBSelector.h</itemPath>
          <itemPath>source/Irrlicht/CTriangleSelector.cpp</itemPath>
          <itemPath>source/Irrlicht/CTriangleSelector.h</itemPath>
        </logicalFolder>
        <logicalFolder name="f3" displayName="loaders" projectFiles="true">
          <itemPath>source/Irrlicht/C3DSMeshFileLoader.cpp</itemPath>
          <itemPath>source/Irrlicht/C3DSMeshFileLoader.h</itemPath>
          <itemPath>source/Irrlicht/CAnimatedMeshMD2.cpp</itemPath>
          <itemPath>source/Irrlicht/CAnimatedMeshMD2.h</itemPath>
          <itemPath>source/Irrlicht/CAnimatedMeshMD3.cpp</itemPath>
          <itemPath>source/Irrlicht/CAnimatedMeshMD3.h</itemPath>
          <itemPath>source/Irrlicht/CB3DMeshFileLoader.cpp</itemPath>
          <itemPath>source/Irrlicht/CB3DMeshFileLoader.h</itemPath>
          <itemPath>source/Irrlicht/CBSPMeshFileLoader.cpp</itemPath>
          <itemPath>source/Irrlicht/CBSPMeshFileLoader.h</itemPath>
          <itemPath>source/Irrlicht/CCSMLoader.cpp</itemPath>
          <itemPath>source/Irrlicht/CCSMLoader.h</itemPath>
          <itemPath>source/Irrlicht/CColladaFileLoader.cpp</itemPath>
          <itemPath>source/Irrlicht/CColladaFileLoader.h</itemPath>
          <itemPath>source/Irrlicht/CDMFLoader.cpp</itemPath>
          <itemPath>source/Irrlicht/CDMFLoader.h</itemPath>
          <itemPath>source/Irrlicht/CIrrMeshFileLoader.cpp</itemPath>
          <itemPath>source/Irrlicht/CIrrMeshFileLoader.h</itemPath>
          <itemPath>source/Irrlicht/CLMTSMeshFileLoader.cpp</itemPath>
          <itemPath>source/Irrlicht/CLMTSMeshFileLoader.h</itemPath>
          <itemPath>source/Irrlicht/CLWOMeshFileLoader.cpp</itemPath>
          <itemPath>source/Irrlicht/CLWOMeshFileLoader.h</itemPath>
          <itemPath>source/Irrlicht/CMD2MeshFileLoader.cpp</itemPath>
          <itemPath>source/Irrlicht/CMD2MeshFileLoader.h</itemPath>
          <itemPath>source/Irrlicht/CMD3MeshFileLoader.cpp</itemPath>
          <itemPath>source/Irrlicht/CMD3MeshFileLoader.h</itemPath>
          <itemPath>source/Irrlicht/CMS3DMeshFileLoader.cpp</itemPath>
          <itemPath>source/Irrlicht/CMS3DMeshFileLoader.h</itemPath>
          <itemPath>source/Irrlicht/CMY3DHelper.h</itemPath>
          <itemPath>source/Irrlicht/CMY3DMeshFileLoader.cpp</itemPath>
          <itemPath>source/Irrlicht/CMY3DMeshFileLoader.h</itemPath>
          <itemPath>source/Irrlicht/COBJMeshFileLoader.cpp</itemPath>
          <itemPath>source/Irrlicht/COBJMeshFileLoader.h</itemPath>
          <itemPath>source/Irrlicht/COCTLoader.cpp</itemPath>
          <itemPath>source/Irrlicht/COCTLoader.h</itemPath>
          <itemPath>source/Irrlicht/COgreMeshFileLoader.cpp</itemPath>
          <itemPath>source/Irrlicht/COgreMeshFileLoader.h</itemPath>
          <itemPath>source/Irrlicht/CPLYMeshFileLoader.cpp</itemPath>
          <itemPath>source/Irrlicht/CQ3LevelMesh.cpp</itemPath>
          <itemPath>source/Irrlicht/CQ3LevelMesh.h</itemPath>
          <itemPath>source/Irrlicht/CSTLMeshFileLoader.cpp</itemPath>
          <itemPath>source/Irrlicht/CSTLMeshFileLoader.h</itemPath>
          <itemPath>source/Irrlicht/CSkinnedMesh.cpp</itemPath>
          <itemPath>source/Irrlicht/CSkinnedMesh.h</itemPath>
          <itemPath>source/Irrlicht/CXMeshFileLoader.cpp</itemPath>
          <itemPath>source/Irrlicht/CXMeshFileLoader.h</itemPath>
          <itemPath>source/Irrlicht/dmfsupport.h</itemPath>
        </logicalFolder>
        <logicalFolder name="f4" displayName="particleSystem" projectFiles="true">
          <itemPath>source/Irrlicht/CParticleAnimatedMeshSceneNodeEmitter.cpp</itemPath>
          <itemPath>source/Irrlicht/CParticleAnimatedMeshSceneNodeEmitter.h</itemPath>
          <itemPath>source/Irrlicht/CParticleAttractionAffector.cpp</itemPath>
          <itemPath>source/Irrlicht/CParticleAttractionAffector.h</itemPath>
          <itemPath>source/Irrlicht/CParticleBoxEmitter.cpp</itemPath>
          <itemPath>source/Irrlicht/CParticleBoxEmitter.h</itemPath>
          <itemPath>source/Irrlicht/CParticleCylinderEmitter.cpp</itemPath>
          <itemPath>source/Irrlicht/CParticleCylinderEmitter.h</itemPath>
          <itemPath>source/Irrlicht/CParticleFadeOutAffector.cpp</itemPath>
          <itemPath>source/Irrlicht/CParticleFadeOutAffector.h</itemPath>
          <itemPath>source/Irrlicht/CParticleGravityAffector.cpp</itemPath>
          <itemPath>source/Irrlicht/CParticleGravityAffector.h</itemPath>
          <itemPath>source/Irrlicht/CParticleMeshEmitter.cpp</itemPath>
          <itemPath>source/Irrlicht/CParticleMeshEmitter.h</itemPath>
          <itemPath>source/Irrlicht/CParticlePointEmitter.cpp</itemPath>
          <itemPath>source/Irrlicht/CParticlePointEmitter.h</itemPath>
          <itemPath>source/Irrlicht/CParticleRingEmitter.cpp</itemPath>
          <itemPath>source/Irrlicht/CParticleRingEmitter.h</itemPath>
          <itemPath>source/Irrlicht/CParticleRotationAffector.cpp</itemPath>
          <itemPath>source/Irrlicht/CParticleRotationAffector.h</itemPath>
          <itemPath>source/Irrlicht/CParticleScaleAffector.cpp</itemPath>
          <itemPath>source/Irrlicht/CParticleScaleAffector.h</itemPath>
          <itemPath>source/Irrlicht/CParticleSphereEmitter.cpp</itemPath>
          <itemPath>source/Irrlicht/CParticleSphereEmitter.h</itemPath>
          <itemPath>source/Irrlicht/CParticleSystemSceneNode.cpp</itemPath>
          <itemPath>source/Irrlicht/CParticleSystemSceneNode.h</itemPath>
        </logicalFolder>
        <logicalFolder name="f5" displayName="sceneNodes" projectFiles="true">
          <itemPath>source/Irrlicht/CAnimatedMeshSceneNode.cpp</itemPath>
          <itemPath>source/Irrlicht/CAnimatedMeshSceneNode.h</itemPath>
          <itemPath>source/Irrlicht/CBillboardSceneNode.cpp</itemPath>
          <itemPath>source/Irrlicht/CBillboardSceneNode.h</itemPath>
          <itemPath>source/Irrlicht/CBoneSceneNode.cpp</itemPath>
          <itemPath>source/Irrlicht/CBoneSceneNode.h</itemPath>
          <itemPath>source/Irrlicht/CCameraSceneNode.cpp</itemPath>
          <itemPath>source/Irrlicht/CCameraSceneNode.h</itemPath>
          <itemPath>source/Irrlicht/CCubeSceneNode.cpp</itemPath>
          <itemPath>source/Irrlicht/CCubeSceneNode.h</itemPath>
          <itemPath>source/Irrlicht/CDummyTransformationSceneNode.cpp</itemPath>
          <itemPath>source/Irrlicht/CDummyTransformationSceneNode.h</itemPath>
          <itemPath>source/Irrlicht/CEmptySceneNode.cpp</itemPath>
          <itemPath>source/Irrlicht/CEmptySceneNode.h</itemPath>
          <itemPath>source/Irrlicht/CLightSceneNode.cpp</itemPath>
          <itemPath>source/Irrlicht/CLightSceneNode.h</itemPath>
          <itemPath>source/Irrlicht/CMeshSceneNode.cpp</itemPath>
          <itemPath>source/Irrlicht/CMeshSceneNode.h</itemPath>
          <itemPath>source/Irrlicht/COctTreeSceneNode.cpp</itemPath>
          <itemPath>source/Irrlicht/COctTreeSceneNode.h</itemPath>
          <itemPath>source/Irrlicht/CQuake3ShaderSceneNode.cpp</itemPath>
          <itemPath>source/Irrlicht/CQuake3ShaderSceneNode.h</itemPath>
          <itemPath>source/Irrlicht/CShadowVolumeSceneNode.cpp</itemPath>
          <itemPath>source/Irrlicht/CShadowVolumeSceneNode.h</itemPath>
          <itemPath>source/Irrlicht/CSkyBoxSceneNode.cpp</itemPath>
          <itemPath>source/Irrlicht/CSkyBoxSceneNode.h</itemPath>
          <itemPath>source/Irrlicht/CSkyDomeSceneNode.cpp</itemPath>
          <itemPath>source/Irrlicht/CSkyDomeSceneNode.h</itemPath>
          <itemPath>source/Irrlicht/CSphereSceneNode.cpp</itemPath>
          <itemPath>source/Irrlicht/CSphereSceneNode.h</itemPath>
          <itemPath>source/Irrlicht/CTerrainSceneNode.cpp</itemPath>
          <itemPath>source/Irrlicht/CTerrainSceneNode.h</itemPath>
          <itemPath>source/Irrlicht/CTextSceneNode.cpp</itemPath>
          <itemPath>source/Irrlicht/CTextSceneNode.h</itemPath>
          <itemPath>source/Irrlicht/CVolumeLightSceneNode.cpp</itemPath>
          <itemPath>source/Irrlicht/CVolumeLightSceneNode.h</itemPath>
          <itemPath>source/Irrlicht/CWaterSurfaceSceneNode.cpp</itemPath>
          <itemPath>source/Irrlicht/CWaterSurfaceSceneNode.h</itemPath>
        </logicalFolder>
        <logicalFolder name="f6" displayName="writers" projectFiles="true">
          <itemPath>source/Irrlicht/CColladaMeshWriter.cpp</itemPath>
          <itemPath>source/Irrlicht/CColladaMeshWriter.h</itemPath>
          <itemPath>source/Irrlicht/CIrrMeshWriter.cpp</itemPath>
          <itemPath>source/Irrlicht/CIrrMeshWriter.h</itemPath>
          <itemPath>source/Irrlicht/COBJMeshWriter.cpp</itemPath>
          <itemPath>source/Irrlicht/COBJMeshWriter.h</itemPath>
          <itemPath>source/Irrlicht/CPLYMeshWriter.cpp</itemPath>
          <itemPath>source/Irrlicht/CSTLMeshWriter.cpp</itemPath>
          <itemPath>source/Irrlicht/CSTLMeshWriter.h</itemPath>
        </logicalFolder>
        <itemPath>source/Irrlicht/CDefaultSceneNodeAnimatorFactory.cpp</itemPath>
        <itemPath>source/Irrlicht/CDefaultSceneNodeAnimatorFactory.h</itemPath>
        <itemPath>source/Irrlicht/CDefaultSceneNodeFactory.cpp</itemPath>
        <itemPath>source/Irrlicht/CDefaultSceneNodeFactory.h</itemPath>
        <itemPath>source/Irrlicht/CGeometryCreator.cpp</itemPath>
        <itemPath>source/Irrlicht/CGeometryCreator.h</itemPath>
        <itemPath>source/Irrlicht/CMeshCache.cpp</itemPath>
        <itemPath>source/Irrlicht/CMeshCache.h</itemPath>
        <itemPath>source/Irrlicht/CMeshManipulator.cpp</itemPath>
        <itemPath>source/Irrlicht/CMeshManipulator.h</itemPath>
        <itemPath>source/Irrlicht/CSceneManager.cpp</itemPath>
        <itemPath>source/Irrlicht/CSceneManager.h</itemPath>
        <itemPath>source/Irrlicht/OctTree.h</itemPath>
      </logicalFolder>
      <logicalFolder name="f5" displayName="video" projectFiles="true">
        <logicalFolder name="f1" displayName="Burning Video" projectFiles="true">
          <itemPath>source/Irrlicht/CBurningShader_Raster_Reference.cpp</itemPath>
          <itemPath>source/Irrlicht/CDepthBuffer.cpp</itemPath>
          <itemPath>source/Irrlicht/CDepthBuffer.h</itemPath>
          <itemPath>source/Irrlicht/CSoftware2MaterialRenderer.h</itemPath>
          <itemPath>source/Irrlicht/CSoftwareDriver2.cpp</itemPath>
          <itemPath>source/Irrlicht/CSoftwareDriver2.h</itemPath>
          <itemPath>source/Irrlicht/CSoftwareTexture2.cpp</itemPath>
          <itemPath>source/Irrlicht/CSoftwareTexture2.h</itemPath>
          <itemPath>source/Irrlicht/CTRGouraud2.cpp</itemPath>
          <itemPath>source/Irrlicht/CTRGouraudAlpha2.cpp</itemPath>
          <itemPath>source/Irrlicht/CTRGouraudAlphaNoZ2.cpp</itemPath>
          <itemPath>source/Irrlicht/CTRTextureBlend.cpp</itemPath>
          <itemPath>source/Irrlicht/CTRTextureDetailMap2.cpp</itemPath>
          <itemPath>source/Irrlicht/CTRTextureGouraud2.cpp</itemPath>
          <itemPath>source/Irrlicht/CTRTextureGouraudAdd2.cpp</itemPath>
          <itemPath>source/Irrlicht/CTRTextureGouraudAddNoZ2.cpp</itemPath>
          <itemPath>source/Irrlicht/CTRTextureGouraudAlpha.cpp</itemPath>
          <itemPath>source/Irrlicht/CTRTextureGouraudAlphaNoZ.cpp</itemPath>
          <itemPath>source/Irrlicht/CTRTextureGouraudNoZ2.cpp</itemPath>
          <itemPath>source/Irrlicht/CTRTextureGouraudVertexAlpha2.cpp</itemPath>
          <itemPath>source/Irrlicht/CTRTextureLightMap2_Add.cpp</itemPath>
          <itemPath>source/Irrlicht/CTRTextureLightMap2_M1.cpp</itemPath>
          <itemPath>source/Irrlicht/CTRTextureLightMap2_M2.cpp</itemPath>
          <itemPath>source/Irrlicht/CTRTextureLightMap2_M4.cpp</itemPath>
          <itemPath>source/Irrlicht/CTRTextureLightMapGouraud2_M4.cpp</itemPath>
          <itemPath>source/Irrlicht/CTRTextureWire2.cpp</itemPath>
          <itemPath>source/Irrlicht/IBurningShader.cpp</itemPath>
          <itemPath>source/Irrlicht/IBurningShader.h</itemPath>
          <itemPath>source/Irrlicht/IDepthBuffer.h</itemPath>
          <itemPath>source/Irrlicht/S4DVertex.h</itemPath>
          <itemPath>source/Irrlicht/SoftwareDriver2_compile_config.h</itemPath>
          <itemPath>source/Irrlicht/SoftwareDriver2_helper.h</itemPath>
        </logicalFolder>
        <logicalFolder name="f2" displayName="Direct3D8" projectFiles="true">
          <itemPath>source/Irrlicht/CD3D8Driver.cpp</itemPath>
          <itemPath>source/Irrlicht/CD3D8Driver.h</itemPath>
          <itemPath>source/Irrlicht/CD3D8MaterialRenderer.h</itemPath>
          <itemPath>source/Irrlicht/CD3D8NormalMapRenderer.cpp</itemPath>
          <itemPath>source/Irrlicht/CD3D8NormalMapRenderer.h</itemPath>
          <itemPath>source/Irrlicht/CD3D8ParallaxMapRenderer.cpp</itemPath>
          <itemPath>source/Irrlicht/CD3D8ParallaxMapRenderer.h</itemPath>
          <itemPath>source/Irrlicht/CD3D8ShaderMaterialRenderer.cpp</itemPath>
          <itemPath>source/Irrlicht/CD3D8ShaderMaterialRenderer.h</itemPath>
          <itemPath>source/Irrlicht/CD3D8Texture.cpp</itemPath>
          <itemPath>source/Irrlicht/CD3D8Texture.h</itemPath>
        </logicalFolder>
        <logicalFolder name="f3" displayName="Direct3D9" projectFiles="true">
          <itemPath>source/Irrlicht/CD3D9Driver.cpp</itemPath>
          <itemPath>source/Irrlicht/CD3D9Driver.h</itemPath>
          <itemPath>source/Irrlicht/CD3D9HLSLMaterialRenderer.cpp</itemPath>
          <itemPath>source/Irrlicht/CD3D9HLSLMaterialRenderer.h</itemPath>
          <itemPath>source/Irrlicht/CD3D9MaterialRenderer.h</itemPath>
          <itemPath>source/Irrlicht/CD3D9NormalMapRenderer.cpp</itemPath>
          <itemPath>source/Irrlicht/CD3D9NormalMapRenderer.h</itemPath>
          <itemPath>source/Irrlicht/CD3D9ParallaxMapRenderer.cpp</itemPath>
          <itemPath>source/Irrlicht/CD3D9ParallaxMapRenderer.h</itemPath>
          <itemPath>source/Irrlicht/CD3D9ShaderMaterialRenderer.cpp</itemPath>
          <itemPath>source/Irrlicht/CD3D9ShaderMaterialRenderer.h</itemPath>
          <itemPath>source/Irrlicht/CD3D9Texture.cpp</itemPath>
          <itemPath>source/Irrlicht/CD3D9Texture.h</itemPath>
        </logicalFolder>
        <logicalFolder name="f4" displayName="Null" projectFiles="true">
          <logicalFolder name="f2" displayName="Loader" projectFiles="true">
            <itemPath>source/Irrlicht/CImageLoaderBMP.cpp</itemPath>
            <itemPath>source/Irrlicht/CImageLoaderBMP.h</itemPath>
            <itemPath>source/Irrlicht/CImageLoaderJPG.cpp</itemPath>
            <itemPath>source/Irrlicht/CImageLoaderJPG.h</itemPath>
            <itemPath>source/Irrlicht/CImageLoaderPCX.cpp</itemPath>
            <itemPath>source/Irrlicht/CImageLoaderPCX.h</itemPath>
            <itemPath>source/Irrlicht/CImageLoaderPNG.cpp</itemPath>
            <itemPath>source/Irrlicht/CImageLoaderPNG.h</itemPath>
            <itemPath>source/Irrlicht/CImageLoaderPPM.cpp</itemPath>
            <itemPath>source/Irrlicht/CImageLoaderPPM.h</itemPath>
            <itemPath>source/Irrlicht/CImageLoaderPSD.cpp</itemPath>
            <itemPath>source/Irrlicht/CImageLoaderPSD.h</itemPath>
            <itemPath>source/Irrlicht/CImageLoaderRGB.cpp</itemPath>
            <itemPath>source/Irrlicht/CImageLoaderTGA.cpp</itemPath>
            <itemPath>source/Irrlicht/CImageLoaderTGA.h</itemPath>
            <itemPath>source/Irrlicht/CImageLoaderWAL.cpp</itemPath>
            <itemPath>source/Irrlicht/CImageLoaderWAL.h</itemPath>
          </logicalFolder>
          <logicalFolder name="f1" displayName="Writer" projectFiles="true">
            <itemPath>source/Irrlicht/CImageWriterBMP.cpp</itemPath>
            <itemPath>source/Irrlicht/CImageWriterBMP.h</itemPath>
            <itemPath>source/Irrlicht/CImageWriterJPG.cpp</itemPath>
            <itemPath>source/Irrlicht/CImageWriterJPG.h</itemPath>
            <itemPath>source/Irrlicht/CImageWriterPCX.cpp</itemPath>
            <itemPath>source/Irrlicht/CImageWriterPCX.h</itemPath>
            <itemPath>source/Irrlicht/CImageWriterPNG.cpp</itemPath>
            <itemPath>source/Irrlicht/CImageWriterPNG.h</itemPath>
            <itemPath>source/Irrlicht/CImageWriterPPM.cpp</itemPath>
            <itemPath>source/Irrlicht/CImageWriterPPM.h</itemPath>
            <itemPath>source/Irrlicht/CImageWriterPSD.cpp</itemPath>
            <itemPath>source/Irrlicht/CImageWriterPSD.h</itemPath>
            <itemPath>source/Irrlicht/CImageWriterTGA.cpp</itemPath>
            <itemPath>source/Irrlicht/CImageWriterTGA.h</itemPath>
          </logicalFolder>
          <itemPath>source/Irrlicht/CColorConverter.cpp</itemPath>
          <itemPath>source/Irrlicht/CColorConverter.h</itemPath>
          <itemPath>source/Irrlicht/CFPSCounter.cpp</itemPath>
          <itemPath>source/Irrlicht/CFPSCounter.h</itemPath>
          <itemPath>source/Irrlicht/CImage.cpp</itemPath>
          <itemPath>source/Irrlicht/CImage.h</itemPath>
          <itemPath>source/Irrlicht/CNullDriver.cpp</itemPath>
          <itemPath>source/Irrlicht/CNullDriver.h</itemPath>
          <itemPath>source/Irrlicht/IImagePresenter.h</itemPath>
        </logicalFolder>
        <logicalFolder name="f5" displayName="OpenGL" projectFiles="true">
          <itemPath>source/Irrlicht/COpenGLDriver.cpp</itemPath>
          <itemPath>source/Irrlicht/COpenGLDriver.h</itemPath>
          <itemPath>source/Irrlicht/COpenGLExtensionHandler.cpp</itemPath>
          <itemPath>source/Irrlicht/COpenGLExtensionHandler.h</itemPath>
          <itemPath>source/Irrlicht/COpenGLMaterialRenderer.h</itemPath>
          <itemPath>source/Irrlicht/COpenGLNormalMapRenderer.cpp</itemPath>
          <itemPath>source/Irrlicht/COpenGLNormalMapRenderer.h</itemPath>
          <itemPath>source/Irrlicht/COpenGLParallaxMapRenderer.cpp</itemPath>
          <itemPath>source/Irrlicht/COpenGLParallaxMapRenderer.h</itemPath>
          <itemPath>source/Irrlicht/COpenGLSLMaterialRenderer.cpp</itemPath>
          <itemPath>source/Irrlicht/COpenGLSLMaterialRenderer.h</itemPath>
          <itemPath>source/Irrlicht/COpenGLShaderMaterialRenderer.cpp</itemPath>
          <itemPath>source/Irrlicht/COpenGLShaderMaterialRenderer.h</itemPath>
          <itemPath>source/Irrlicht/COpenGLTexture.cpp</itemPath>
          <itemPath>source/Irrlicht/COpenGLTexture.h</itemPath>
          <itemPath>source/Irrlicht/glext.h</itemPath>
        </logicalFolder>
        <logicalFolder name="f6" displayName="Software" projectFiles="true">
          <itemPath>source/Irrlicht/CSoftwareDriver.cpp</itemPath>
          <itemPath>source/Irrlicht/CSoftwareDriver.h</itemPath>
          <itemPath>source/Irrlicht/CSoftwareTexture.cpp</itemPath>
          <itemPath>source/Irrlicht/CSoftwareTexture.h</itemPath>
          <itemPath>source/Irrlicht/CTRFlat.cpp</itemPath>
          <itemPath>source/Irrlicht/CTRFlatWire.cpp</itemPath>
          <itemPath>source/Irrlicht/CTRGouraud.cpp</itemPath>
          <itemPath>source/Irrlicht/CTRGouraudWire.cpp</itemPath>
          <itemPath>source/Irrlicht/CTRTextureFlat.cpp</itemPath>
          <itemPath>source/Irrlicht/CTRTextureFlatWire.cpp</itemPath>
          <itemPath>source/Irrlicht/CTRTextureGouraud.cpp</itemPath>
          <itemPath>source/Irrlicht/CTRTextureGouraud.h</itemPath>
          <itemPath>source/Irrlicht/CTRTextureGouraudAdd.cpp</itemPath>
          <itemPath>source/Irrlicht/CTRTextureGouraudNoZ.cpp</itemPath>
          <itemPath>source/Irrlicht/CTRTextureGouraudWire.cpp</itemPath>
          <itemPath>source/Irrlicht/CZBuffer.cpp</itemPath>
          <itemPath>source/Irrlicht/CZBuffer.h</itemPath>
          <itemPath>source/Irrlicht/ITriangleRenderer.h</itemPath>
          <itemPath>source/Irrlicht/IZBuffer.h</itemPath>
          <itemPath>source/Irrlicht/S2DVertex.h</itemPath>
        </logicalFolder>
        <itemPath>source/Irrlicht/CVideoModeList.cpp</itemPath>
        <itemPath>source/Irrlicht/CVideoModeList.h</itemPath>
      </logicalFolder>
    </logicalFolder>
    <logicalFolder name="ExternalFiles"
                   displayName="Important Files"
                   projectFiles="false">
      <itemPath>Makefile</itemPath>
    </logicalFolder>
  </logicalFolder>
  <projectmakefile>Makefile</projectmakefile>
  <confs>
    <conf name="Linux-Static-Debug" type="3">
      <toolsSet>
        <developmentServer>localhost</developmentServer>
        <compilerSet>GNU|Unknown</compilerSet>
        <platform>3</platform>
      </toolsSet>
      <compileType>
        <cTool>
          <incDir>
            <pElem>include</pElem>
            <pElem>source/Irrlicht/zlib</pElem>
          </incDir>
          <preprocessorList>
            <Elem>_IRR_STATIC_LIB_</Elem>
            <Elem>PNG_THREAD_UNSAFE_OK</Elem>
            <Elem>PNG_NO_MMX_CODE</Elem>
            <Elem>PNG_NO_MNG_FEATURES</Elem>
          </preprocessorList>
        </cTool>
        <ccTool>
          <incDir>
            <pElem>include</pElem>
            <pElem>source/Irrlicht/zlib</pElem>
          </incDir>
          <preprocessorList>
            <Elem>_IRR_STATIC_LIB_</Elem>
            <Elem>IRRLICHT_EXPORTS=1</Elem>
            <Elem>_DEBUG</Elem>
          </preprocessorList>
        </ccTool>
        <archiverTool>
          <output>lib/Linux/libIrrlicht_d.a</output>
        </archiverTool>
      </compileType>
    </conf>
    <conf name="Linux-Static-Release" type="3">
      <toolsSet>
        <developmentServer>localhost</developmentServer>
        <compilerSet>GNU|GNU</compilerSet>
        <platform>3</platform>
      </toolsSet>
      <compileType>
        <cTool>
          <developmentMode>5</developmentMode>
          <stripSymbols>true</stripSymbols>
          <incDir>
            <pElem>include</pElem>
            <pElem>source/Irrlicht/zlib</pElem>
          </incDir>
          <preprocessorList>
            <Elem>_IRR_STATIC_LIB_</Elem>
            <Elem>PNG_THREAD_UNSAFE_OK</Elem>
            <Elem>PNG_NO_MMX_CODE</Elem>
            <Elem>PNG_NO_MNG_FEATURES</Elem>
          </preprocessorList>
        </cTool>
        <ccTool>
          <stripSymbols>true</stripSymbols>
          <incDir>
            <pElem>include</pElem>
            <pElem>source/Irrlicht/zlib</pElem>
          </incDir>
          <preprocessorList>
            <Elem>_IRR_STATIC_LIB_</Elem>
            <Elem>IRRLICHT_EXPORTS=1</Elem>
            <Elem>NDEBUG=1</Elem>
          </preprocessorList>
        </ccTool>
        <archiverTool>
          <output>lib/Linux/libIrrlicht.a</output>
        </archiverTool>
      </compileType>
    </conf>
    <conf name="Win32-Shared-Debug" type="2">
      <toolsSet>
        <developmentServer>localhost</developmentServer>
        <compilerSet>MinGW|MinGW</compilerSet>
        <platform>3</platform>
      </toolsSet>
      <compileType>
        <cTool>
          <incDir>
            <pElem>include</pElem>
            <pElem>source/Irrlicht/zlib</pElem>
            <pElem>C:/Program Files/Microsoft DirectX SDK/include</pElem>
          </incDir>
          <commandLine>-fcheck-new</commandLine>
          <preprocessorList>
            <Elem>IRRLICHT_EXPORTS</Elem>
            <Elem>WIN32</Elem>
            <Elem>_WINDOWS</Elem>
            <Elem>_DEBUG</Elem>
            <Elem>__GNUWIN32__</Elem>
            <Elem>IRR_DX9_PLEASE</Elem>
          </preprocessorList>
        </cTool>
        <ccTool>
          <incDir>
            <pElem>include</pElem>
            <pElem>source/Irrlicht/zlib</pElem>
            <pElem>${D3D9_SDK}/include</pElem>
          </incDir>
          <commandLine>-fcheck-new</commandLine>
          <preprocessorList>
            <Elem>IRRLICHT_EXPORTS</Elem>
            <Elem>WIN32</Elem>
            <Elem>_WINDOWS</Elem>
            <Elem>_DEBUG</Elem>
            <Elem>__GNUWIN32__</Elem>
            <Elem>_IRR_COMPILE_WITH_DIRECT3D_9_</Elem>
          </preprocessorList>
        </ccTool>
        <linkerTool>
          <output>lib/Win32-gcc/Irrlicht_d.dll</output>
          <linkerKpic>false</linkerKpic>
          <commandlineTool>g++.exe</commandlineTool>
          <linkerLibItems>
            <linkerLibLibItem>opengl32</linkerLibLibItem>
            <linkerLibLibItem>gdi32</linkerLibLibItem>
            <linkerLibLibItem>winmm</linkerLibLibItem>
          </linkerLibItems>
        </linkerTool>
      </compileType>
    </conf>
    <conf name="Win32-Shared-Release" type="2">
      <toolsSet>
        <developmentServer>localhost</developmentServer>
        <compilerSet>MinGW|MinGW</compilerSet>
        <platform>3</platform>
      </toolsSet>
      <compileType>
        <cTool>
          <developmentMode>5</developmentMode>
          <stripSymbols>true</stripSymbols>
          <incDir>
            <pElem>include</pElem>
            <pElem>source/Irrlicht/zlib</pElem>
          </incDir>
          <preprocessorList>
            <Elem>IRRLICHT_EXPORTS</Elem>
            <Elem>NDEBUG</Elem>
            <Elem>WIN32</Elem>
            <Elem>_WINDOWS</Elem>
            <Elem>__GNUWIN32__</Elem>
          </preprocessorList>
        </cTool>
        <ccTool>
          <developmentMode>5</developmentMode>
          <stripSymbols>true</stripSymbols>
          <incDir>
            <pElem>include</pElem>
            <pElem>source/Irrlicht/zlib</pElem>
            <pElem>${D3D9_SDK}/include</pElem>
          </incDir>
          <commandLine>-fcheck-new</commandLine>
          <preprocessorList>
            <Elem>IRRLICHT_EXPORTS</Elem>
            <Elem>WIN32</Elem>
            <Elem>_WINDOWS</Elem>
            <Elem>NDEBUG</Elem>
            <Elem>__GNUWIN32__</Elem>
            <Elem>_IRR_COMPILE_WITH_DIRECT3D_9_</Elem>
          </preprocessorList>
        </ccTool>
        <fortranCompilerTool>
          <developmentMode>5</developmentMode>
        </fortranCompilerTool>
        <linkerTool>
          <output>lib/Win32-gcc/Irrlicht.dll</output>
          <stripSymbols>true</stripSymbols>
          <linkerKpic>false</linkerKpic>
          <linkerLibItems>
            <linkerLibLibItem>opengl32</linkerLibLibItem>
            <linkerLibLibItem>gdi32</linkerLibLibItem>
            <linkerLibLibItem>winmm</linkerLibLibItem>
          </linkerLibItems>
        </linkerTool>
      </compileType>
    </conf>
    <conf name="Win32-Static-Debug" type="3">
      <toolsSet>
        <developmentServer>localhost</developmentServer>
        <compilerSet>MinGW|MinGW</compilerSet>
        <platform>3</platform>
      </toolsSet>
      <compileType>
        <cTool>
          <incDir>
            <pElem>include</pElem>
            <pElem>source/Irrlicht/zlib</pElem>
          </incDir>
          <preprocessorList>
            <Elem>IRRLICHT_EXPORTS</Elem>
            <Elem>_IRR_STATIC_LIB_</Elem>
            <Elem>WIN32</Elem>
            <Elem>_WINDOWS</Elem>
            <Elem>_DEBUG</Elem>
            <Elem>__GNUWIN32__</Elem>
          </preprocessorList>
        </cTool>
        <ccTool>
          <incDir>
            <pElem>include</pElem>
            <pElem>source/Irrlicht/zlib</pElem>
            <pElem>${D3D9_SDK}/include</pElem>
          </incDir>
          <commandLine>-fcheck-new</commandLine>
          <preprocessorList>
            <Elem>IRRLICHT_EXPORTS</Elem>
            <Elem>_IRR_STATIC_LIB_</Elem>
            <Elem>WIN32</Elem>
            <Elem>_WINDOWS</Elem>
            <Elem>_DEBUG</Elem>
            <Elem>__GNUWIN32__</Elem>
            <Elem>_IRR_COMPILE_WITH_DIRECT3D_9_</Elem>
          </preprocessorList>
        </ccTool>
        <archiverTool>
          <output>lib/Win32-gcc/Irrlicht_static_d.a</output>
        </archiverTool>
      </compileType>
    </conf>
    <conf name="Win32-Static-Release" type="3">
      <toolsSet>
        <developmentServer>localhost</developmentServer>
        <compilerSet>MinGW|MinGW</compilerSet>
        <platform>3</platform>
      </toolsSet>
      <compileType>
        <cTool>
          <developmentMode>5</developmentMode>
          <stripSymbols>true</stripSymbols>
          <incDir>
            <pElem>include</pElem>
            <pElem>source/Irrlicht/zlib</pElem>
          </incDir>
          <preprocessorList>
            <Elem>IRRLICHT_EXPORTS</Elem>
            <Elem>_IRR_STATIC_LIB_</Elem>
            <Elem>NDEBUG</Elem>
            <Elem>WIN32</Elem>
            <Elem>_WINDOWS</Elem>
            <Elem>__GNUWIN32__</Elem>
          </preprocessorList>
        </cTool>
        <ccTool>
          <developmentMode>5</developmentMode>
          <stripSymbols>true</stripSymbols>
          <incDir>
            <pElem>include</pElem>
            <pElem>source/Irrlicht/zlib</pElem>
            <pElem>${D3D9_SDK}/include</pElem>
          </incDir>
          <commandLine>-fcheck-new</commandLine>
          <preprocessorList>
            <Elem>IRRLICHT_EXPORTS</Elem>
            <Elem>_IRR_STATIC_LIB_</Elem>
            <Elem>WIN32</Elem>
            <Elem>_WINDOWS</Elem>
            <Elem>NDEBUG</Elem>
            <Elem>__GNUWIN32__</Elem>
            <Elem>_IRR_COMPILE_WITH_DIRECT3D_9_</Elem>
          </preprocessorList>
        </ccTool>
        <fortranCompilerTool>
          <developmentMode>5</developmentMode>
        </fortranCompilerTool>
        <archiverTool>
          <output>lib/Win32-gcc/Irrlicht_static.a</output>
        </archiverTool>
      </compileType>
    </conf>
  </confs>
</configurationDescriptor>
